redshift,lum_dist
0.0,0.0
0.01,43.15823507193043
0.02,86.9732678219642
0.03,131.4380808690901
0.04,176.54567153960414
0.05,222.28905465961708
0.06,268.66126527079115
0.07,315.6553612671144
0.08,363.26442595102117
0.09,411.48157050682727
0.1,460.2999363904754
0.11,509.7126976341872
0.12,559.713063065132
0.13,610.2942784375475
0.14,661.4496284776916
0.15,713.1724388414237
0.16,765.4560779843991
0.17,818.2939589449782
0.18,871.6795410400766
0.19,925.6063314746717
0.2,980.0678868655586
0.21,1035.057814679888
0.22,1090.5697745900507
0.23,1146.5974797453284
0.24,1203.1346979620942
0.25,1260.1752528337445
0.26,1317.7130247613625
0.27,1375.7419519077368
0.28,1434.25603107496
0.29,1493.2493185086785
0.3,1552.7159306297997
0.31,1612.6500446959549
0.32,1673.0458993946831
0.33,1733.897795369858
0.34,1795.2000956837915
0.35000000000000003,1856.9472262168847
0.36,1919.1336760065976
0.37,1981.7539975282273
0.38,2044.8028069191655
0.39,2108.2747841489554
0.4,2172.164673137093
0.41000000000000003,2236.4672818205972
0.42,2301.177482173522
0.43,2366.2902101803197
0.44,2431.80046576504
0.45,2497.7033126784777
0.46,2563.99387834519
0.47000000000000003,2630.667353672109
0.48,2697.71899282099
0.49,2765.144112946245
0.5,2832.93809390013
0.51,2901.0963779069525
0.52,2969.614469208395
0.53,3038.487933680923
0.54,3107.712398427819
0.55,3177.283551346582
0.56,3247.1971406740563
0.5700000000000001,3317.4489745101173
0.58,3388.0349203217825
0.59,3458.9509044290485
0.6,3530.192911473825
0.61,3601.756983873182
0.62,3673.6392212584983
0.63,3745.8357799012615
0.64,3818.3428721271184
0.65,3891.15676571913
0.66,3964.2737833113442
0.67,4037.6903017735394
0.68,4111.402751588627
0.6900000000000001,4185.407616223067
0.7000000000000001,4259.701431491663
0.71,4334.280784917323
0.72,4409.1423150868
0.73,4484.282711003134
0.74,4559.6987114353915
0.75,4635.387104266823
0.76,4711.344725841526
0.77,4787.568460310839
0.78,4864.055238979668
0.79,4940.802039653464
0.8,5017.8058859864195
0.81,5095.0638468313155
0.8200000000000001,5172.573035591544
0.8300000000000001,5250.330609575725
0.84,5328.333769355354
0.85,5406.579758125918
0.86,5485.0658610716955
0.87,5563.789404734779
0.88,5642.747756388506
0.89,5721.938323415631
0.9,5801.358552691491
0.91,5881.005929972496
0.92,5960.877979290034
0.93,6040.972262350158
0.9400000000000001,6121.286377939139
0.9500000000000001,6201.8179613350585
0.96,6282.564683725764
0.97,6363.524251633055
0.98,6444.694406343494
0.99,6526.072923345791
1.0,6607.657611774941
1.01,6689.4463138631445
1.02,6771.4369043976785
1.03,6853.627290185629
1.04,6936.015409525792
1.05,7018.599231687435
1.06,7101.3767563963
1.07,7184.3460133276585
1.08,7267.505061606481
1.09,7350.851989314789
1.1,7434.384913006101
1.11,7518.101977227063
1.12,7602.001354046107
1.1300000000000001,7686.081242589293
1.1400000000000001,7770.339868583212
1.1500000000000001,7854.775483904891
1.16,7939.386366138673
1.17,8024.170818140219
1.18,8109.127167607224
1.19,8194.253766657164
1.2,8279.548991411748
1.21,8365.011241588229
1.22,8450.63894009735
1.23,8536.430532647955
1.24,8622.384487358166
1.25,8708.499294373072
1.26,8794.773465488895
1.27,8881.20553378343
1.28,8967.794053252917
1.29,9054.53759845497
1.3,9141.434764157835
1.31,9228.48416499552
1.32,9315.684435129087
1.33,9403.034227913764
1.34,9490.532215571891
1.35,9578.177088871655
1.36,9665.96755681145
1.37,9753.902346309907
1.3800000000000001,9841.980201901291
1.3900000000000001,9930.199885436485
1.4000000000000001,10018.560175789211
1.41,10107.059868567549
1.42,10195.697775830673
1.43,10284.472725810607
1.44,10373.383562639068
1.45,10462.429146079276
1.46,10551.608351262466
1.47,10640.920068429457
1.48,10730.363202676624
1.49,10819.936673706698
1.5,10909.639415584023
1.51,10999.470376494299
1.52,11089.428518508768
1.53,11179.512817352606
1.54,11269.722262177645
1.55,11360.055855339246
1.56,11450.512612177283
1.57,11541.091560801045
1.58,11631.791741878254
1.59,11722.612208427798
1.6,11813.552025616431
1.61,11904.610270559053
1.62,11995.786032122778
1.6300000000000001,12087.078410734584
1.6400000000000001,12178.486518192465
1.6500000000000001,12270.00947748009
1.6600000000000001,12361.646422584854
1.67,12453.396498319293
1.68,12545.258860145786
1.69,12637.23267400443
1.7,12729.317116144162
1.71,12821.511372956882
1.72,12913.814640814733
1.73,13006.226125910278
1.74,13098.74504409964
1.75,13191.370620748512
1.76,13284.10209058101
1.77,13376.938697531277
1.78,13469.879694597756
1.79,13562.924343700202
1.8,13656.07191553926
1.81,13749.321689458595
1.82,13842.67295330958
1.83,13936.125003318388
1.84,14029.6771439555
1.85,14123.328687807694
1.86,14217.078955452185
1.87,14310.927275333144
1.8800000000000001,14404.872983640502
1.8900000000000001,14498.915424190787
1.9000000000000001,14593.05394831024
1.9100000000000001,14687.287914719998
1.92,14781.616689423348
1.93,14876.039645594976
1.94,14970.556163472262
1.95,15065.165630248446
1.96,15159.86743996774
1.97,15254.660993422387
1.98,15349.545698051403
1.99,15444.520967841227
2.0,15539.586223228129
2.0100000000000002,15634.740891002333
2.02,15729.984404213801
2.0300000000000002,15825.31620207976
2.04,15920.735729893771
2.05,16016.242438936491
2.06,16111.835786387925
2.07,16207.515235241266
2.08,16303.280254218234
2.09,16399.130317685853
2.1,16495.06490557478
2.11,16591.083503298934
2.12,16687.18560167661
2.13,16783.370696852908
2.14,16879.638290223582
2.15,16975.98788836005
2.16,17072.41900293594
2.17,17168.93115065459
2.18,17265.52385317811
2.19,17362.196637057416
2.2,17458.949033663575
2.21,17555.780579120303
2.22,17652.69081423763
2.23,17749.67928444662
2.24,17846.745539735304
2.25,17943.88913458559
2.2600000000000002,18041.109627911304
2.27,18138.40658299727
2.2800000000000002,18235.77956743939
2.29,18333.22815308572
2.3000000000000003,18430.751915978602
2.31,18528.350436297635
2.32,18626.02329830374
2.33,18723.77009028405
2.34,18821.59040449774
2.35,18919.48383712277
2.36,19017.44998820351
2.37,19115.48846159919
2.38,19213.598864933214
2.39,19311.780809543354
2.4,19410.033910432627
2.41,19508.357786221157
2.42,19606.75205909865
2.43,19705.21635477775
2.44,19803.750302448076
2.45,19902.353534731057
2.46,20001.025687635465
2.47,20099.766400513683
2.48,20198.575316018632
2.49,20297.452080061434
2.5,20396.396341769723
2.5100000000000002,20495.40775344666
2.52,20594.485970530477
2.5300000000000002,20693.63065155488
2.54,20792.84145810978
2.5500000000000003,20892.118054802984
2.56,20991.46010922218
2.57,21090.86729189769
2.58,21190.339276265815
2.59,21289.875738632618
2.6,21389.476358138407
2.61,21489.140816722695
2.62,21588.868799089716
2.63,21688.659992674486
2.64,21788.514087609405
2.65,21888.430776691297
2.66,21988.409755349046
2.67,22088.450721611647
2.68,22188.5533760768
2.69,22288.717421879974
2.7,22388.94256466388
2.71,22489.228512548532
2.72,22589.574976101594
2.73,22689.981668309294
2.74,22790.448304547783
2.75,22890.974602554787
2.7600000000000002,22991.560282401842
2.77,23092.205066466868
2.7800000000000002,23192.908679407126
2.79,23293.67084813261
2.8000000000000003,23394.491301779846
2.81,23495.369771686055
2.82,23596.305991363664
2.83,23697.299696475282
2.84,23798.350624808918
2.85,23899.45851625369
2.86,24000.62311277574
2.87,24101.844158394684
2.88,24203.121399160213
2.89,24304.454583129158
2.9,24405.84346034283
2.91,24507.28778280471
2.92,24608.78730445846
2.93,24710.34178116618
2.94,24811.950970687063
2.95,24913.61463265638
2.96,25015.332528564566
2.97,25117.10442173685
2.98,25218.930077313053
2.99,25320.809262227576
3.0,25422.741745189873
3.0100000000000002,25524.727296665056
3.02,25626.765688854775
3.0300000000000002,25728.856695678463
3.04,25831.000092754668
3.0500000000000003,25933.195657382865
3.06,26035.443168525297
3.0700000000000003,26137.74240678924
3.08,26240.09315440939
3.09,26342.495195230586
3.1,26444.948314690686
3.11,26547.452299803743
3.12,26650.00693914334
3.13,26752.612022826215
3.14,26855.267342496107
3.15,26957.972691307725
3.16,27060.727863911085
3.17,27163.5326564359
3.18,27266.38686647628
3.19,27369.290293075614
3.2,27472.242736711672
3.21,27575.243999281764
3.22,27678.293884088383
3.23,27781.392195824686
3.24,27884.538740560474
3.25,27987.73332572818
3.2600000000000002,28090.975760109046
3.27,28194.26585381957
3.2800000000000002,28297.60341829808
3.29,28400.98826629142
3.3000000000000003,28504.420211841923
3.31,28607.89907027452
3.3200000000000003,28711.42465818389
3.33,28814.996793421997
3.34,28918.615295085572
3.35,29022.279983503904
3.36,29125.990680226718
3.37,29229.747208012202
3.38,29333.549390815228
3.39,29437.397053775694
3.4,29541.290023206984
3.41,29645.228126584654
3.42,29749.211192535196
3.43,29853.239050824923
3.44,29957.311532349086
3.45,30061.428469121012
3.46,30165.589694261464
3.47,30269.795041988087
3.48,30374.044347605006
3.49,30478.33744749256
3.5,30582.674179097092
3.5100000000000002,30687.05438092097
3.52,30791.477892512674
3.5300000000000002,30895.944554456968
3.54,31000.45420836528
3.5500000000000003,31105.006696866123
3.56,31209.601863595606
3.5700000000000003,31314.239553188258
3.58,31418.919611267633
3.59,31523.641884437377
3.6,31628.4062202721
3.61,31733.212467308585
3.62,31838.060475036953
3.63,31942.950093892003
3.64,32047.881175244678
3.65,32152.85357139352
3.66,32257.86713555635
3.67,32362.921721862
3.68,32468.017185342134
3.69,32573.153381923083
3.7,32678.33016841803
3.71,32783.54740251891
3.72,32888.80494278883
3.73,32994.1026486541
3.74,33099.44038039689
3.75,33204.81799914746
3.7600000000000002,33310.23536687686
3.77,33415.692346389485
3.7800000000000002,33521.18880131584
3.79,33626.72459610532
3.8000000000000003,33732.29959601909
3.81,33837.91366712308
3.8200000000000003,33943.56667628103
3.83,34049.258491147564
3.84,34154.98898016145
3.85,34260.75801253885
3.86,34366.56545826666
3.87,34472.411188096
3.88,34578.295073535584
3.89,34684.21698684547
3.9,34790.17680103055
3.91,34896.174389834334
3.92,35002.20962773274
3.93,35108.282389927896
3.94,35214.39255234214
3.95,35320.53999161194
3.96,35426.72458508194
3.97,35532.94621079912
3.98,35639.204747506956
3.99,35745.50007463964
4.0,35851.83207231645
4.01,35958.200621336044
4.0200000000000005,36064.60560317093
4.03,36171.046899961926
4.04,36277.52439451273
4.05,36384.03797028456
4.0600000000000005,36490.5875113907
4.07,36597.17290259134
4.08,36703.794029288256
4.09,36810.45077751978
4.1,36917.14303395547
4.11,37023.8706858913
4.12,37130.63362124438
4.13,37237.43172854824
4.14,37344.26489694782
4.15,37451.13301619459
4.16,37558.035976641775
4.17,37664.973669239655
4.18,37771.94598553078
4.19,37878.95281764538
4.2,37985.99405829669
4.21,38093.06960077645
4.22,38200.17933895037
4.23,38307.3231672537
4.24,38414.500980686695
4.25,38521.71267481038
4.26,38628.958145742115
4.2700000000000005,38736.2372901514
4.28,38843.55000525555
4.29,38950.89618881551
4.3,39058.2757391317
4.3100000000000005,39165.68855503996
4.32,39273.13453590734
4.33,39380.613581628226
4.34,39488.1255926202
4.3500000000000005,39595.67046982019
4.36,39703.24811468045
4.37,39810.85842916479
4.38,39918.5013157447
4.39,40026.176677395524
4.4,40133.884417592686
4.41,40241.624440307976
4.42,40349.39665000593
4.43,40457.200951640065
4.44,40565.037250649344
4.45,40672.90545295449
4.46,40780.8054649546
4.47,40888.73719352347
4.48,40996.7005460062
4.49,41104.69543021571
4.5,41212.721754429374
4.51,41320.77942738556
4.5200000000000005,41428.868358280364
4.53,41536.98845676422
4.54,41645.139632938706
4.55,41753.32179735317
4.5600000000000005,41861.53486100164
4.57,41969.778735319436
4.58,42078.053332180294
4.59,42186.35856389296
4.6000000000000005,42294.69434319822
4.61,42403.060583265826
4.62,42511.457197691394
4.63,42619.88410049342
4.64,42728.341206110345
4.65,42836.82842939747
4.66,42945.34568562412
4.67,43053.89289047067
4.68,43162.46996002579
4.69,43271.076810783416
4.7,43379.71335964003
4.71,43488.37952389188
4.72,43597.07522123212
4.73,43705.800369748096
4.74,43814.55488791865
4.75,43923.33869461139
4.76,44032.151709080004
4.7700000000000005,44140.993850961684
4.78,44249.865040274344
4.79,44358.76519741416
4.8,44467.69424315294
4.8100000000000005,44576.6520986356
4.82,44685.638685377475
4.83,44794.653925262064
4.84,44903.69774053833
4.8500000000000005,45012.77005381828
4.86,45121.87078807462
4.87,45230.99986663821
4.88,45340.15721319568
4.89,45449.342751787124
4.9,45558.55640680368
4.91,45667.79810298515
4.92,45777.067765417785
4.93,45886.36531953194
4.94,45995.69069109975
4.95,46105.0438062329
4.96,46214.42459138044
4.97,46323.83297332647
4.98,46433.268879188035
4.99,46542.732236412856
5.0,46652.22297277721
5.01,46761.741016383814
5.0200000000000005,46871.28629565965
5.03,46980.858739353855
5.04,47090.45827653569
5.05,47200.08483659237
5.0600000000000005,47309.738349227155
5.07,47419.41874445714
5.08,47529.1259526114
5.09,47638.85990432885
5.1000000000000005,47748.62053055633
5.11,47858.40776254667
5.12,47968.221531856616
5.13,48078.061770345055
5.14,48187.928410170956
5.15,48297.82138379156
5.16,48407.74062396043
5.17,48517.68606372559
5.18,48627.6576364277
5.19,48737.65527569823
5.2,48847.67891545754
5.21,48957.72848991318
5.22,49067.803933558
5.23,49177.905181168484
5.24,49288.03216780281
5.25,49398.18482879931
5.26,49508.363099774535
5.2700000000000005,49618.56691662168
5.28,49728.796215508795
5.29,49839.05093287708
5.3,49949.331005439286
5.3100000000000005,50059.63637017796
5.32,50169.96696434384
5.33,50280.32272545413
5.34,50390.703591291065
5.3500000000000005,50501.10949990008
5.36,50611.540389588285
5.37,50721.99619892296
5.38,50832.476866729856
5.39,50942.98233209169
5.4,51053.51253434659
5.41,51164.06741308655
5.42,51274.646908155904
5.43,51385.25095964982
5.44,51495.879507912774
5.45,51606.532493537045
5.46,51717.20985736134
5.47,51827.91154046917
5.48,51938.63748418753
5.49,52049.38763008535
5.5,52160.161919972146
5.51,52270.96029589653
5.5200000000000005,52381.78270014488
5.53,52492.629075239805
5.54,52603.49936393889
5.55,52714.39350923326
5.5600000000000005,52825.31145434624
5.57,52936.253142731905
5.58,53047.21851807386
5.59,53158.20752428384
5.6000000000000005,53269.22010550035
5.61,53380.25620608741
5.62,53491.315770633264
5.63,53602.398743948965
5.64,53713.5050710672
5.65,53824.634697241025
5.66,53935.787567942476
5.67,54046.96362886145
5.68,54158.16282590436
5.69,54269.38510519293
5.7,54380.63041306299
5.71,54491.898696063196
5.72,54603.189900953905
5.73,54714.50397470586
5.74,54825.840864499136
5.75,54937.20051772179
5.76,55048.58288196885
5.7700000000000005,55159.987905041016
5.78,55271.41553494359
5.79,55382.8657198853
5.8,55494.33840827714
5.8100000000000005,55605.83354873125
5.82,55717.3510900598
5.83,55828.89098127384
5.84,55940.453171582274
5.8500000000000005,56052.03761039067
5.86,56163.64424730018
5.87,56275.273032106525
5.88,56386.923914798856
5.89,56498.596845558684
5.9,56610.29177475889
5.91,56722.00865296252
5.92,56833.74743092199
5.93,56945.50805957776
5.94,57057.290490057545
5.95,57169.09467367513
5.96,57280.92056192942
5.97,57392.768106503434
5.98,57504.637259263356
5.99,57616.5279722574
6.0,57728.440197714925
6.01,57840.37388804546
6.0200000000000005,57952.32899583771
6.03,58064.30547385856
6.04,58176.303275052174
6.05,58288.322352539006
6.0600000000000005,58400.362659614846
6.07,58512.42414974989
6.08,58624.50677658786
6.09,58736.61049394501
6.1000000000000005,58848.735255809195
6.11,58960.88101633904
6.12,59073.047729862956
6.13,59185.23535087829
6.140000000000001,59297.44383405044
6.15,59409.67313421185
6.16,59521.923206361316
6.17,59634.19400566295
6.18,59746.4854874454
6.19,59858.79760720096
6.2,59971.13032058469
6.21,60083.48358341361
6.22,60195.85735166581
6.23,60308.25158147967
6.24,60420.666229152936
6.25,60533.101251142
6.26,60645.55660406096
6.2700000000000005,60758.032244680915
6.28,60870.528129929065
6.29,60983.044216887974
6.3,61095.58046279471
6.3100000000000005,61208.136825040085
6.32,61320.71326116784
6.33,61433.3097288739
6.34,61545.92618600558
6.3500000000000005,61658.562590560774
6.36,61771.21890068724
6.37,61883.895074681786
6.38,61996.59107098957
6.390000000000001,62109.30684820332
6.4,62222.04236506245
6.41,62334.797580452636
6.42,62447.572453404784
6.43,62560.36694309439
6.44,62673.18100884087
6.45,62786.01461010673
6.46,62898.86770649695
6.47,63011.74025775819
6.48,63124.63222377812
6.49,63237.54356458472
6.5,63350.474240345546
6.51,63463.42421136708
6.5200000000000005,63576.39343809399
6.53,63689.38188110847
6.54,63802.38950112957
6.55,63915.416259012476
6.5600000000000005,64028.462115747876
6.57,64141.527032461294
6.58,64254.61097041237
6.59,64367.71389099425
6.6000000000000005,64480.83575573297
6.61,64593.97652628664
6.62,64707.13616444502
6.63,64820.314632128684
6.640000000000001,64933.51189138851
6.65,65046.72790440497
6.66,65159.962633487514
6.67,65273.216041073974
6.68,65386.48808972989
6.69,65499.77874214796
6.7,65613.08796114734
6.71,65726.41570967308
6.72,65839.76195079552
6.73,65953.12664770972
6.74,66066.50976373474
6.75,66179.91126231317
6.76,66293.33110701044
6.7700000000000005,66406.76926151436
6.78,66520.22568963439
6.79,66633.70035530113
6.8,66747.19322256571
6.8100000000000005,66860.70425559935
6.82,66974.23341869254
6.83,67087.7806762547
6.84,67201.3459928135
6.8500000000000005,67314.92933301434
6.86,67428.53066161975
6.87,67542.1499435089
6.88,67655.78714367704
6.890000000000001,67769.44222723487
6.9,67883.1151594081
6.91,67996.80590553686
6.92,68110.51443107518
6.93,68224.24070159048
6.94,68337.98468276294
6.95,68451.74634038504
6.96,68565.52564036117
6.97,68679.32254870683
6.98,68793.13703154837
6.99,68906.96905512227
7.0,69020.81858577482
7.01,69134.68558996149
7.0200000000000005,69248.5700342464
7.03,69362.47188530202
7.04,69476.39110990835
7.05,69590.3276749527
7.0600000000000005,69704.28154742911
7.07,69818.25269443779
7.08,69932.24108318474
7.09,70046.24668098117
7.1000000000000005,70160.26945524316
7.11,70274.30937349098
7.12,70388.3664033488
7.13,70502.44051254407
7.140000000000001,70616.53166890725
7.15,70730.63984037106
7.16,70844.76499497028
7.17,70958.90710084117
7.18,71073.06612622095
7.19,71187.24203944753
7.2,71301.43480895882
7.21,71415.6444032925
7.22,71529.87079108543
7.23,71644.11394107329
7.24,71758.37382209004
7.25,71872.65040306759
7.26,71986.94365303527
7.2700000000000005,72101.25354111945
7.28,72215.58003654321
7.29,72329.92310862549
7.3,72444.28272678134
7.3100000000000005,72558.65886052087
7.32,72673.05147944915
7.33,72787.46055326573
7.34,72901.88605176422
7.3500000000000005,73016.32794483186
7.36,73130.78620244909
7.37,73245.26079468921
7.38,73359.7516917179
7.390000000000001,73474.25886379286
7.4,73588.78228126334
7.41,73703.32191456982
7.42,73817.8777342436
7.43,73932.44971090637
7.44,74047.03781526982
7.45,74161.6420181352
7.46,74276.26229039313
7.47,74390.89860302294
7.48,74505.55092709247
7.49,74620.21923375763
7.5,74734.90349426195
7.51,74849.60367993641
7.5200000000000005,74964.3197621988
7.53,75079.05171255356
7.54,75193.79950259118
7.55,75308.56310398821
7.5600000000000005,75423.34248850639
7.57,75538.13762799269
7.58,75652.9484943788
7.59,75767.77505968067
7.6000000000000005,75882.61729599843
7.61,75997.47517551557
7.62,76112.34867049918
7.63,76227.23775329899
7.640000000000001,76342.1423963476
7.65,76457.06257215956
7.66,76571.99825333143
7.67,76686.94941254133
7.68,76801.91602254855
7.69,76916.8980561932
7.7,77031.89548639582
7.71,77146.90828615733
7.72,77261.93642855824
7.73,77376.97988675875
7.74,77492.03863399808
7.75,77607.11264359439
7.76,77722.20188894423
7.7700000000000005,77837.3063435224
7.78,77952.4259808816
7.79,78067.56077465187
7.8,78182.71069854066
7.8100000000000005,78297.87572633213
7.82,78413.05583188713
7.83,78528.25098914266
7.84,78643.4611721117
7.8500000000000005,78758.68635488287
7.86,78873.92651161995
7.87,78989.18161656194
7.88,79104.45164402231
7.890000000000001,79219.73656838905
7.9,79335.03636412414
7.91,79450.35100576334
7.92,79565.68046791591
7.930000000000001,79681.02472526426
7.94,79796.38375256366
7.95,79911.75752464187
7.96,80027.1460163991
7.97,80142.54920280736
7.98,80257.96705891048
7.99,80373.39955982356
8.0,80488.84668073291
8.01,80604.3083968956
8.02,80719.78468363926
8.03,80835.27551636173
8.040000000000001,80950.78087053086
8.05,81066.30072168408
8.06,81181.83504542836
8.07,81297.38381743967
8.08,81412.94701346291
8.09,81528.52460931148
8.1,81644.1165808671
8.11,81759.72290407952
8.120000000000001,81875.34355496622
8.13,81990.97850961215
8.14,82106.62774416944
8.15,82222.29123485724
8.16,82337.96895796129
8.17,82453.66088983379
8.18,82569.36700689308
8.19,82685.08728562336
8.2,82800.82170257444
8.21,82916.57023436154
8.22,83032.33285766492
8.23,83148.1095492298
8.24,83263.90028586584
8.25,83379.70504444711
8.26,83495.52380191183
8.27,83611.35653526195
8.28,83727.20322156305
8.290000000000001,83843.06383794404
8.3,83958.9383615969
8.31,84074.82676977648
8.32,84190.72903980022
8.33,84306.64514904788
8.34,84422.57507496134
8.35,84538.51879504435
8.36,84654.47628686232
8.370000000000001,84770.44752804202
8.38,84886.43249627133
8.39,85002.43116929907
8.4,85118.44352493477
8.41,85234.46954104841
8.42,85350.5091955701
8.43,85466.56246648998
8.44,85582.62933185796
8.45,85698.70976978341
8.46,85814.80375843507
8.47,85930.91127604063
8.48,86047.0323008867
8.49,86163.16681131847
8.5,86279.31478573955
8.51,86395.47620261167
8.52,86511.65104045453
8.53,86627.83927784553
8.540000000000001,86744.0408934196
8.55,86860.25586586894
8.56,86976.48417394275
8.57,87092.72579644721
8.58,87208.98071224507
8.59,87325.24890025545
8.6,87441.53033945379
8.61,87557.82500887141
8.620000000000001,87674.13288759548
8.63,87790.45395476875
8.64,87906.78818958926
8.65,88023.13557131033
8.66,88139.49607924011
8.67,88255.86969274162
8.68,88372.25639123225
8.69,88488.6561541839
8.700000000000001,88605.06896112251
8.71,88721.49479162798
8.72,88837.93362533387
8.73,88954.38544192736
8.74,89070.85022114897
8.75,89187.32794279227
8.76,89303.81858670381
8.77,89420.3221327829
8.78,89536.83856098137
8.790000000000001,89653.36785130337
8.8,89769.9099838053
8.81,89886.46493859541
8.82,90003.03269583381
8.83,90119.61323573213
8.84,90236.20653855348
8.85,90352.81258461208
8.86,90469.43135427323
8.870000000000001,90586.062827953
8.88,90702.70698611818
8.89,90819.36380928596
8.9,90936.03327802381
8.91,91052.71537294931
8.92,91169.41007472994
8.93,91286.11736408291
8.94,91402.83722177497
8.950000000000001,91519.56962862228
8.96,91636.31456549007
8.97,91753.07201329272
8.98,91869.84195299332
8.99,91986.62436560371
9.0,92103.41923218415
9.01,92220.22653384325
9.02,92337.04625173766
9.03,92453.8783670721
9.040000000000001,92570.72286109904
9.05,92687.5797151185
9.06,92804.44891047796
9.07,92921.33042857224
9.08,93038.22425084324
9.09,93155.13035877973
9.1,93272.04873391728
9.11,93388.97935783809
9.120000000000001,93505.92221217077
9.13,93622.8772785902
9.14,93739.84453881733
9.15,93856.8239746191
9.16,93973.81556780818
9.17,94090.8193002429
9.18,94207.83515382698
9.19,94324.86311050951
9.200000000000001,94441.90315228468
9.21,94558.95526119159
9.22,94676.01941931424
9.23,94793.09560878118
9.24,94910.18381176563
9.25,95027.28401048497
9.26,95144.39618720084
9.27,95261.52032421895
9.28,95378.65640388879
9.290000000000001,95495.80440860373
9.3,95612.96432080049
9.31,95730.13612295939
9.32,95847.31979760391
9.33,95964.51532730072
9.34,96081.72269465939
9.35,96198.94188233234
9.36,96316.17287301466
9.370000000000001,96433.41564944395
9.38,96550.67019440015
9.39,96667.93649070544
9.4,96785.21452122413
9.41,96902.50426886238
9.42,97019.80571656818
9.43,97137.11884733113
9.44,97254.44364418244
9.450000000000001,97371.7800901945
9.46,97489.12816848104
9.47,97606.48786219684
9.48,97723.85915453758
9.49,97841.24202873974
9.5,97958.63646808045
9.51,98076.04245587741
9.52,98193.45997548861
9.53,98310.88901031227
9.540000000000001,98428.32954378684
9.55,98545.78155939053
9.56,98663.24504064153
9.57,98780.71997109773
9.58,98898.20633435638
9.59,99015.7041140544
9.6,99133.21329386787
9.61,99250.73385751196
9.620000000000001,99368.26578874106
9.63,99485.80907134822
9.64,99603.36368916537
9.65,99720.92962606312
9.66,99838.50686595042
9.67,99956.09539277473
9.68,100073.69519052166
9.69,100191.30624321499
9.700000000000001,100308.92853491643
9.71,100426.5620497256
9.72,100544.20677177975
9.73,100661.86268525384
9.74,100779.52977436029
9.75,100897.20802334874
9.76,101014.89741650625
9.77,101132.59793815685
9.78,101250.30957266157
9.790000000000001,101368.03230441835
9.8,101485.76611786177
9.81,101603.51099746312
9.82,101721.26692773004
9.83,101839.03389320671
9.84,101956.81187847345
9.85,102074.60086814669
9.86,102192.40084687897
9.870000000000001,102310.21179935864
9.88,102428.03371030981
9.89,102545.86656449224
9.9,102663.71034670132
9.91,102781.56504176777
9.92,102899.43063455759
9.93,103017.30710997207
9.94,103135.19445294749
9.950000000000001,103253.09264845512
9.96,103371.00168150106
9.97,103488.92153712607
9.98,103606.85220040564
9.99,103724.79365644969
10.0,103842.74589040263
10.01,103960.70888744295
10.02,104078.68263278349
10.03,104196.66711167106
10.040000000000001,104314.66230938643
10.05,104432.6682112442
10.06,104550.68480259269
10.07,104668.71206881388
10.08,104786.74999532313
10.09,104904.79856756938
10.1,105022.85777103467
10.11,105140.9275912344
10.120000000000001,105259.00801371694
10.13,105377.09902406362
10.14,105495.20060788868
10.15,105613.3127508391
10.16,105731.43543859452
10.17,105849.5686568671
10.18,105967.71239140147
10.19,106085.86662797461
10.200000000000001,106204.03135239573
10.21,106322.2065505061
10.22,106440.39220817914
10.23,106558.58831132007
10.24,106676.79484586608
10.25,106795.01179778596
10.26,106913.23915308024
10.27,107031.47689778083
10.28,107149.72501795119
10.290000000000001,107267.98349968606
10.3,107386.25232911138
10.31,107504.53149238424
10.32,107622.82097569271
10.33,107741.12076525594
10.34,107859.43084732372
10.35,107977.7512081767
10.36,108096.08183412613
10.370000000000001,108214.42271151379
10.38,108332.7738267119
10.39,108451.13516612307
10.4,108569.50671618016
10.41,108687.88846334611
10.42,108806.28039411403
10.43,108924.68249500697
10.44,109043.09475257779
10.450000000000001,109161.51715340927
10.46,109279.94968411373
10.47,109398.39233133319
10.48,109516.84508173913
10.49,109635.30792203244
10.5,109753.78083894342
10.51,109872.26381923148
10.52,109990.75684968523
10.53,110109.25991712236
10.540000000000001,110227.77300838949
10.55,110346.29611036203
10.56,110464.82920994432
10.57,110583.37229406936
10.58,110701.92534969862
10.59,110820.48836382227
10.6,110939.06132345877
10.61,111057.644215655
10.620000000000001,111176.23702748609
10.63,111294.83974605528
10.64,111413.45235849392
10.65,111532.07485196137
10.66,111650.70721364493
10.67,111769.34943075963
10.68,111888.00149054834
10.69,112006.66338028146
10.700000000000001,112125.33508725715
10.71,112244.0165988008
10.72,112362.70790226542
10.73,112481.40898503126
10.74,112600.11983450576
10.75,112718.84043812359
10.76,112837.57078334643
10.77,112956.310857663
10.78,113075.06064858881
10.790000000000001,113193.82014366641
10.8,113312.58933046486
10.81,113431.36819658002
10.82,113550.15672963428
10.83,113668.95491727654
10.84,113787.76274718215
10.85,113906.58020705276
10.86,114025.40728461627
10.870000000000001,114144.2439676269
10.88,114263.09024386478
10.89,114381.94610113614
10.9,114500.81152727321
10.91,114619.68651013408
10.92,114738.57103760254
10.93,114857.46509758823
10.94,114976.36867802632
10.950000000000001,115095.28176687761
10.96,115214.2043521283
10.97,115333.13642179011
10.98,115452.07796390008
10.99,115571.0289665204
11.0,115689.98941773857
11.01,115808.95930566713
11.02,115927.93861844367
11.03,116046.92734423076
11.040000000000001,116165.92547121586
11.05,116284.93298761112
11.06,116403.94988165367
11.07,116522.97614160506
11.08,116642.01175575162
11.09,116761.05671240407
11.1,116880.11099989769
11.11,116999.17460659206
11.120000000000001,117118.24752087104
11.13,117237.32973114282
11.14,117356.4212258397
11.15,117475.52199341806
11.16,117594.63202235827
11.17,117713.7513011648
11.18,117832.87981836581
11.19,117952.01756251343
11.200000000000001,118071.1645221834
11.21,118190.3206859752
11.22,118309.48604251196
11.23,118428.66058044019
11.24,118547.84428843005
11.25,118667.03715517496
11.26,118786.23916939175
11.27,118905.45031982049
11.28,119024.67059522441
11.290000000000001,119143.89998438997
11.3,119263.13847612648
11.31,119382.38605926646
11.32,119501.64272266526
11.33,119620.90845520113
11.34,119740.18324577506
11.35,119859.46708331081
11.36,119978.75995675476
11.370000000000001,120098.06185507601
11.38,120217.37276726597
11.39,120336.69268233878
11.4,120456.02158933078
11.41,120575.35947730072
11.42,120694.70633532965
11.43,120814.06215252081
11.44,120933.4269179996
11.450000000000001,121052.80062091352
11.46,121172.18325043199
11.47,121291.57479574649
11.48,121410.97524607043
11.49,121530.38459063892
11.5,121649.80281870894
11.51,121769.22991955916
11.52,121888.66588248992
11.53,122008.11069682306
11.540000000000001,122127.56435190205
11.55,122247.02683709178
11.56,122366.49814177852
11.57,122485.97825536985
11.58,122605.46716729479
11.59,122724.96486700342
11.6,122844.47134396707
11.61,122963.98658767811
11.620000000000001,123083.51058765003
11.63,123203.0433334172
11.64,123322.58481453503
11.65,123442.13502057969
11.66,123561.69394114822
11.67,123681.26156585843
11.68,123800.83788434874
11.69,123920.4228862783
11.700000000000001,124040.01656132676
11.71,124159.61889919428
11.72,124279.22988960151
11.73,124398.84952228954
11.74,124518.47778701977
11.75,124638.11467357387
11.76,124757.76017175373
11.77,124877.4142713815
11.78,124997.07696229932
11.790000000000001,125116.7482343696
11.8,125236.42807747447
11.81,125356.11648151625
11.82,125475.81343641708
11.83,125595.51893211892
11.84,125715.23295858353
11.85,125834.95550579244
11.86,125954.68656374679
11.870000000000001,126074.42612246741
11.88,126194.17417199466
11.89,126313.9307023884
11.9,126433.69570372795
11.91,126553.46916611216
11.92,126673.25107965906
11.93,126793.04143450613
11.94,126912.84022080993
11.950000000000001,127032.6474287464
11.96,127152.4630485105
11.97,127272.28707031628
11.98,127392.11948439696
11.99,127511.96028100452
12.0,127631.80945041015
12.01,127751.66698290368
12.02,127871.53286879392
12.030000000000001,127991.4070984084
12.040000000000001,128111.28966209333
12.05,128231.18055021374
12.06,128351.07975315313
12.07,128470.9872613137
12.08,128590.90306511609
12.09,128710.82715499947
12.1,128830.7595214214
12.11,128950.7001548578
12.120000000000001,129070.64904580305
12.13,129190.60618476958
12.14,129310.57156228821
12.15,129430.54516890795
12.16,129550.52699519577
12.17,129670.51703173693
12.18,129790.5152691346
12.19,129910.52169800992
12.200000000000001,130030.53630900203
12.21,130150.55909276791
12.22,130270.5900399824
12.23,130390.6291413381
12.24,130510.67638754539
12.25,130630.73176933236
12.26,130750.79527744465
12.27,130870.86690264562
12.280000000000001,130990.94663571613
12.290000000000001,131111.0344674545
12.3,131231.13038867654
12.31,131351.23439021554
12.32,131471.34646292203
12.33,131591.46659766405
12.34,131711.59478532668
12.35,131831.73101681238
12.36,131951.87528304075
12.370000000000001,132072.02757494856
12.38,132192.18788348962
12.39,132312.35619963479
12.4,132432.53251437197
12.41,132552.716818706
12.42,132672.90910365863
12.43,132793.10936026843
12.44,132913.31757959083
12.450000000000001,133033.53375269816
12.46,133153.7578706792
12.47,133273.98992463964
12.48,133394.2299057018
12.49,133514.47780500448
12.5,133634.73361370323
12.51,133754.9973229699
12.52,133875.2689239929
12.530000000000001,133995.54840797716
12.540000000000001,134115.83576614383
12.55,134236.13098973056
12.56,134356.43406999117
12.57,134476.74499819582
12.58,134597.06376563077
12.59,134717.39036359865
12.6,134837.72478341803
12.61,134958.06701642365
12.620000000000001,135078.4170539663
12.63,135198.77488741276
12.64,135319.14050814573
12.65,135439.51390756393
12.66,135559.89507708186
12.67,135680.28400812994
12.68,135800.68069215427
12.69,135921.0851206169
12.700000000000001,136041.49728499533
12.71,136161.917176783
12.72,136282.3447874888
12.73,136402.78010863732
12.74,136523.22313176867
12.75,136643.67384843837
12.76,136764.1322502176
12.77,136884.5983286929
12.780000000000001,137005.07207546613
12.790000000000001,137125.55348215456
12.8,137246.0425403908
12.81,137366.5392418227
12.82,137487.04357811334
12.83,137607.55554094104
12.84,137728.07512199925
12.85,137848.60231299658
12.86,137969.1371056566
12.870000000000001,138089.6794917181
12.88,138210.22946293463
12.89,138330.78701107504
12.9,138451.3521279228
12.91,138571.92480527642
12.92,138692.5050349492
12.93,138813.09280876938
12.94,138933.68811857986
12.950000000000001,139054.29095623823
12.96,139174.9013136169
12.97,139295.51918260285
12.98,139416.14455509782
12.99,139536.77742301795
13.0,139657.41777829418
13.01,139778.06561287167
13.02,139898.7209187103
13.030000000000001,140019.38368778428
13.040000000000001,140140.05391208228
13.05,140260.73158360724
13.06,140381.41669437653
13.07,140502.10923642182
13.08,140622.80920178897
13.09,140743.5165825382
13.1,140864.23137074366
13.11,140984.953558494
13.120000000000001,141105.68313789176
13.13,141226.42010105355
13.14,141347.16444011012
13.15,141467.9161472062
13.16,141588.6752145006
13.17,141709.44163416582
13.18,141830.21539838857
13.19,141950.99649936918
13.200000000000001,142071.78492932205
13.21,142192.58068047513
13.22,142313.38374507034
13.23,142434.19411536324
13.24,142555.01178362317
13.25,142675.83674213305
13.26,142796.66898318945
13.27,142917.5084991026
13.280000000000001,143038.35528219625
13.290000000000001,143159.20932480769
13.3,143280.0706192877
13.31,143400.9391580005
13.32,143521.81493332383
13.33,143642.69793764877
13.34,143763.58816337975
13.35,143884.48560293458
13.36,144005.3902487443
13.370000000000001,144126.30209325333
13.38,144247.2211289192
13.39,144368.14734821272
13.4,144489.0807436178
13.41,144610.02130763163
13.42,144730.96903276432
13.43,144851.9239115392
13.44,144972.88593649253
13.450000000000001,145093.85510017374
13.46,145214.83139514507
13.47,145335.81481398168
13.48,145456.80534927186
13.49,145577.8029936166
13.5,145698.8077396298
13.51,145819.81957993814
13.52,145940.83850718115
13.530000000000001,146061.8645140111
13.540000000000001,146182.89759309293
13.55,146303.93773710442
13.56,146424.98493873572
13.57,146546.03919069003
13.58,146667.10048568278
13.59,146788.1688164422
13.6,146909.2441757089
13.61,147030.32655623616
13.620000000000001,147151.41595078967
13.63,147272.5123521475
13.64,147393.61575310022
13.65,147514.72614645085
13.66,147635.84352501458
13.67,147756.96788161917
13.68,147878.0992091045
13.69,147999.2375003228
13.700000000000001,148120.3827481385
13.71,148241.53494542828
13.72,148362.69408508102
13.73,148483.86015999768
13.74,148605.0331630914
13.75,148726.2130872874
13.76,148847.39992552306
13.77,148968.5936707476
13.780000000000001,149089.7943159224
13.790000000000001,149211.0018540208
13.8,149332.21627802803
13.81,149453.43758094133
13.82,149574.66575576976
13.83,149695.90079553428
13.84,149817.14269326773
13.85,149938.39144201466
13.86,150059.6470348315
13.870000000000001,150180.90946478635
13.88,150302.1787249591
13.89,150423.4548084413
13.9,150544.73770833618
13.91,150666.02741775868
13.92,150787.32392983526
13.93,150908.62723770394
13.94,151029.93733451448
13.950000000000001,151151.25421342798
13.96,151272.57786761707
13.97,151393.908290266
13.98,151515.24547457037
13.99,151636.58941373715
14.0,151757.94010098482
14.01,151879.2975295432
14.02,152000.66169265338
14.030000000000001,152122.03258356787
14.040000000000001,152243.4101955504
14.05,152364.79452187597
14.06,152486.18555583086
14.07,152607.58329071256
14.08,152728.9877198296
14.09,152850.39883650202
14.1,152971.8166340605
14.11,153093.24110584726
14.120000000000001,153214.6722452154
14.13,153336.11004552903
14.14,153457.55450016345
14.15,153579.00560250477
14.16,153700.46334595032
14.17,153821.92772390813
14.18,153943.39872979734
14.19,154064.87635704788
14.200000000000001,154186.36059910062
14.21,154307.85144940726
14.22,154429.34890143032
14.23,154550.85294864306
14.24,154672.36358452967
14.25,154793.88080258493
14.26,154915.4045963145
14.27,155036.93495923458
14.280000000000001,155158.47188487212
14.290000000000001,155280.01536676474
14.3,155401.56539846063
14.31,155523.1219735187
14.32,155644.68508550827
14.33,155766.25472800937
14.34,155887.8308946124
14.35,156009.41357891838
14.36,156131.00277453885
14.370000000000001,156252.5984750957
14.38,156374.20067422124
14.39,156495.80936555823
14.4,156617.4245427599
14.41,156739.04619948973
14.42,156860.67432942157
14.43,156982.30892623952
14.44,157103.94998363816
14.450000000000001,157225.59749532212
14.46,157347.25145500634
14.47,157468.91185641606
14.48,157590.5786932866
14.49,157712.25195936355
14.5,157833.93164840256
14.51,157955.6177541695
14.52,158077.3102704403
14.530000000000001,158199.00919100092
14.540000000000001,158320.71450964746
14.55,158442.426220186
14.56,158564.1443164327
14.57,158685.86879221353
14.58,158807.59964136465
14.59,158929.33685773207
14.6,159051.08043517172
14.61,159172.8303675494
14.620000000000001,159294.58664874083
14.63,159416.3492726316
14.64,159538.118233117
14.65,159659.89352410237
14.66,159781.6751395026
14.67,159903.46307324246
14.68,160025.25731925643
14.69,160147.0578714888
14.700000000000001,160268.86472389344
14.71,160390.67787043392
14.72,160512.4973050835
14.73,160634.32302182514
14.74,160756.15501465125
14.75,160877.99327756398
14.76,160999.83780457493
14.77,161121.6885897054
14.780000000000001,161243.54562698602
14.790000000000001,161365.4089104571
14.8,161487.27843416834
14.81,161609.15419217898
14.82,161731.03617855752
14.83,161852.9243873822
14.84,161974.8188127403
14.85,162096.71944872875
14.86,162218.62628945374
14.870000000000001,162340.53932903078
14.88,162462.45856158467
14.89,162584.3839812496
14.9,162706.31558216893
14.91,162828.25335849548
14.92,162950.19730439098
14.93,163072.1474140266
14.94,163194.10368158272
14.950000000000001,163316.06610124875
14.96,163438.03466722334
14.97,163560.00937371433
14.98,163681.9902149385
14.99,163803.97718512188
15.0,163925.97027849953
15.01,164047.9694893155
15.02,164169.97481182296
15.030000000000001,164291.98624028405
15.040000000000001,164414.0037689699
15.05,164536.02739216064
15.06,164658.05710414532
15.07,164780.09289922187
15.08,164902.13477169728
15.09,165024.1827158874
15.1,165146.23672611683
15.11,165268.29679671908
15.120000000000001,165390.36292203658
15.13,165512.4350964205
15.14,165634.51331423077
15.15,165756.59756983622
15.16,165878.68785761436
15.17,166000.7841719515
15.18,166122.88650724248
15.19,166244.99485789106
15.200000000000001,166367.10921830975
15.21,166489.22958291933
15.22,166611.3559461496
15.23,166733.48830243887
15.24,166855.62664623404
15.25,166977.77097199057
15.26,167099.92127417252
15.27,167222.0775472526
15.280000000000001,167344.23978571192
15.290000000000001,167466.40798404015
15.3,167588.5821367354
15.31,167710.76223830436
15.32,167832.9482832621
15.33,167955.14026613216
15.34,168077.33818144657
15.35,168199.5420237457
15.36,168321.75178757816
15.370000000000001,168443.96746750124
15.38,168566.18905808034
15.39,168688.41655388926
15.4,168810.64994951012
15.41,168932.88923953343
15.42,169055.13441855778
15.43,169177.38548119017
15.44,169299.64242204576
15.450000000000001,169421.90523574813
15.46,169544.17391692867
15.47,169666.44846022737
15.48,169788.7288602923
15.49,169911.01511177947
15.5,170033.3072093532
15.51,170155.60514768594
15.52,170277.90892145823
15.530000000000001,170400.21852535862
15.540000000000001,170522.53395408377
15.55,170644.85520233848
15.56,170767.18226483552
15.57,170889.51513629552
15.58,171011.85381144736
15.59,171134.19828502787
15.6,171256.54855178166
15.610000000000001,171378.9046064614
15.620000000000001,171501.26644382786
15.63,171623.6340586494
15.64,171746.00744570247
15.65,171868.3865997714
15.66,171990.7715156484
15.67,172113.16218813346
15.68,172235.55861203437
15.69,172357.9607821669
15.700000000000001,172480.3686933545
15.71,172602.78234042838
15.72,172725.20171822753
15.73,172847.62682159888
15.74,172970.05764539674
15.75,173092.49418448342
15.76,173214.93643372878
15.77,173337.38438801057
15.780000000000001,173459.83804221393
15.790000000000001,173582.29739123178
15.8,173704.7624299648
15.81,173827.2331533211
15.82,173949.70955621643
15.83,174072.1916335742
15.84,174194.67938032543
15.85,174317.17279140855
15.860000000000001,174439.67186176957
15.870000000000001,174562.17658636224
15.88,174684.68696014752
15.89,174807.20297809396
15.9,174929.7246351776
15.91,175052.25192638216
15.92,175174.7848466984
15.93,175297.32339112478
15.94,175419.8675546671
15.950000000000001,175542.4173323387
15.96,175664.97271916003
15.97,175787.5337101591
15.98,175910.10030037133
15.99,176032.67248483928
16.0,176155.25025861294
16.01,176277.8336167497
16.02,176400.4225543141
16.03,176523.01706637806
16.04,176645.6171480206
16.05,176768.22279432826
16.06,176890.83400039453
16.07,177013.4507613204
16.080000000000002,177136.0730722138
16.09,177258.70092818997
16.1,177381.33432437136
16.11,177503.97325588745
16.12,177626.61771787514
16.13,177749.2677054781
16.14,177871.9232138474
16.15,177994.584238141
16.16,178117.2507735241
16.17,178239.922815169
16.18,178362.60035825477
16.19,178485.28339796799
16.2,178607.97192950168
16.21,178730.6659480566
16.22,178853.3654488398
16.23,178976.07042706574
16.240000000000002,179098.78087795575
16.25,179221.49679673807
16.26,179344.21817864795
16.27,179466.9450189275
16.28,179589.6773128258
16.29,179712.41505559883
16.3,179835.15824250947
16.31,179957.9068688273
16.32,180080.66092982903
16.330000000000002,180203.4204207981
16.34,180326.18533702457
16.35,180448.9556738058
16.36,180571.73142644536
16.37,180694.51259025413
16.38,180817.29916054942
16.39,180940.09113265557
16.4,181062.88850190336
16.41,181185.69126363055
16.42,181308.4994131816
16.43,181431.31294590744
16.44,181554.13185716604
16.45,181676.9561423218
16.46,181799.78579674588
16.47,181922.6208158161
16.48,182045.4611949169
16.490000000000002,182168.3069294393
16.5,182291.15801478096
16.51,182414.01444634626
16.52,182536.876219546
16.53,182659.74332979752
16.54,182782.615772525
16.55,182905.49354315887
16.56,183028.3766371362
16.57,183151.26504990066
16.580000000000002,183274.1587769023
16.59,183397.0578135977
16.6,183519.96215544996
16.61,183642.87179792862
16.62,183765.78673650973
16.63,183888.70696667567
16.64,184011.63248391537
16.65,184134.563283724
16.66,184257.49936160343
16.67,184380.4407130617
16.68,184503.38733361312
16.69,184626.3392187787
16.7,184749.29636408555
16.71,184872.25876506724
16.72,184995.2264172635
16.73,185118.19931622065
16.740000000000002,185241.17745749108
16.75,185364.1608366335
16.76,185487.14944921312
16.77,185610.14329080103
16.78,185733.14235697492
16.79,185856.14664331856
16.8,185979.15614542196
16.81,186102.17085888138
16.82,186225.19077929924
16.830000000000002,186348.21590228422
16.84,186471.24622345105
16.85,186594.2817384208
16.86,186717.32244282053
16.87,186840.3683322836
16.88,186963.4194024494
16.89,187086.4756489634
16.9,187209.53706747727
16.91,187332.60365364872
16.92,187455.67540314165
16.93,187578.75231162584
16.94,187701.83437477725
16.95,187824.92158827785
16.96,187948.01394781575
16.97,188071.1114490849
16.98,188194.21408778543
16.990000000000002,188317.32185962336
17.0,188440.43476031066
17.01,188563.55278556552
17.02,188686.67593111173
17.03,188809.80419267938
17.04,188932.9375660043
17.05,189056.07604682827
17.06,189179.219630899
17.07,189302.3683139702
17.080000000000002,189425.52209180134
17.09,189548.68096015777
17.1,189671.8449148109
17.11,189795.01395153778
17.12,189918.1880661215
17.13,190041.36725435074
17.14,190164.5515120203
17.150000000000002,190287.7408349306
17.16,190410.9352188878
17.17,190534.1346597042
17.18,190657.3391531974
17.19,190780.54869519122
17.2,190903.76328151493
17.21,191026.98290800364
17.22,191150.20757049829
17.23,191273.43726484547
17.240000000000002,191396.67198689742
17.25,191519.91173251215
17.26,191643.15649755346
17.27,191766.40627789058
17.28,191889.6610693987
17.29,192012.9208679584
17.3,192136.18566945614
17.31,192259.4554697839
17.32,192382.7302648393
17.330000000000002,192506.01005052563
17.34,192629.2948227516
17.35,192752.5845774318
17.36,192875.87931048614
17.37,192999.17901784036
17.38,193122.48369542547
17.39,193245.79333917834
17.400000000000002,193369.10794504118
17.41,193492.42750896167
17.42,193615.75202689326
17.43,193739.08149479466
17.44,193862.4159086303
17.45,193985.7552643699
17.46,194109.09955798875
17.47,194232.44878546766
17.48,194355.80294279286
17.490000000000002,194479.1620259559
17.5,194602.52603095392
17.51,194725.89495378954
17.52,194849.26879047052
17.53,194972.64753701037
17.54,195096.03118942774
17.55,195219.41974374675
17.56,195342.81319599695
17.57,195466.2115422132
17.580000000000002,195589.61477843573
17.59,195713.02290071006
17.6,195836.43590508707
17.61,195959.85378762305
17.62,196083.27654437954
17.63,196206.70417142325
17.64,196330.13666482654
17.650000000000002,196453.5740206667
17.66,196577.01623502633
17.67,196700.4633039936
17.68,196823.91522366155
17.69,196947.3719901288
17.7,197070.83359949887
17.71,197194.30004788085
17.72,197317.7713313887
17.73,197441.24744614193
17.740000000000002,197564.72838826498
17.75,197688.21415388753
17.76,197811.70473914457
17.77,197935.20014017617
17.78,198058.7003531274
17.79,198182.20537414882
17.8,198305.71519939584
17.81,198429.22982502906
17.82,198552.74924721432
17.830000000000002,198676.27346212242
17.84,198799.8024659293
17.85,198923.3362548161
17.86,199046.8748249688
17.87,199170.41817257873
17.88,199293.96629384207
17.89,199417.51918496017
17.900000000000002,199541.07684213942
17.91,199664.63926159113
17.92,199788.20643953176
17.93,199911.77837218266
17.94,200035.3550557704
17.95,200158.93648652628
17.96,200282.52266068678
17.97,200406.11357449318
17.98,200529.709224192
17.990000000000002,200653.30960603448
18.0,200776.91471627683
18.01,200900.52455118037
18.02,201024.13910701105
18.03,201147.75838004015
18.04,201271.3823665435
18.05,201395.01106280205
18.06,201518.64446510145
18.07,201642.28256973252
18.080000000000002,201765.9253729907
18.09,201889.57287117632
18.1,202013.22506059485
18.11,202136.88193755617
18.12,202260.54349837537
18.13,202384.2097393722
18.14,202507.8806568712
18.150000000000002,202631.55624720195
18.16,202755.2365066985
18.17,202878.9214317
18.18,203002.61101855012
18.19,203126.30526359763
18.2,203250.0041631957
18.21,203373.70771370264
18.22,203497.4159114812
18.23,203621.12875289904
18.240000000000002,203744.8462343285
18.25,203868.56835214663
18.26,203992.29510273528
18.27,204116.02648248096
18.28,204239.76248777486
18.29,204363.5031150129
18.3,204487.24836059567
18.31,204610.99822092833
18.32,204734.75269242097
18.330000000000002,204858.5117714881
18.34,204982.27545454892
18.35,205106.0437380274
18.36,205229.81661835188
18.37,205353.59409195575
18.38,205477.37615527658
18.39,205601.16280475678
18.400000000000002,205724.95403684335
18.41,205848.74984798772
18.42,205972.55023464616
18.43,206096.35519327928
18.44,206220.16472035245
18.45,206343.9788123354
18.46,206467.7974657026
18.47,206591.62067693291
18.48,206715.4484425098
18.490000000000002,206839.2807589214
18.5,206963.11762265992
18.51,207086.95903022264
18.52,207210.8049781109
18.53,207334.65546283076
18.54,207458.5104808927
18.55,207582.37002881174
18.56,207706.23410310724
18.57,207830.1027003031
18.580000000000002,207953.97581692776
18.59,208077.85344951382
18.6,208201.7355945987
18.61,208325.622248724
18.62,208449.51340843568
18.63,208573.40907028434
18.64,208697.30923082487
18.650000000000002,208821.21388661652
18.66,208945.12303422295
18.67,209069.03667021234
18.68,209192.95479115698
18.69,209316.87739363374
18.7,209440.80447422378
18.71,209564.73602951257
18.72,209688.67205608994
18.73,209812.61255055023
18.740000000000002,209936.55750949174
18.75,210060.50692951737
18.76,210184.46080723434
18.77,210308.419139254
18.78,210432.38192219211
18.79,210556.3491526687
18.8,210680.32082730814
18.81,210804.2969427389
18.82,210928.27749559394
18.830000000000002,211052.26248251038
18.84,211176.25190012937
18.85,211300.2457450968
18.86,211424.24401406222
18.87,211548.24670367988
18.88,211672.25381060797
18.89,211796.2653315091
18.900000000000002,211920.28126304987
18.91,212044.30160190124
18.92,212168.3263447382
18.93,212292.35548824014
18.94,212416.38902909044
18.95,212540.4269639768
18.96,212664.4692895909
18.97,212788.51600262866
18.98,212912.56709979032
18.990000000000002,213036.62257777998
19.0,213160.68243330592
19.01,213284.7466630808
19.02,213408.81526382104
19.03,213532.8882322475
19.04,213656.96556508486
19.05,213781.04725906212
19.06,213905.13331091218
19.07,214029.22371737217
19.080000000000002,214153.3184751833
19.09,214277.41758109065
19.1,214401.52103184361
19.11,214525.6288241954
19.12,214649.74095490354
19.13,214773.8574207293
19.14,214897.9782184382
19.150000000000002,215022.10334479972
19.16,215146.23279658728
19.17,215270.3665705785
19.18,215394.50466355475
19.19,215518.64707230162
19.2,215642.79379360855
19.21,215766.94482426907
19.22,215891.1001610806
19.23,216015.2598008445
19.240000000000002,216139.42374036627
19.25,216263.59197645515
19.26,216387.76450592442
19.27,216511.94132559138
19.28,216636.12243227722
19.29,216760.30782280682
19.3,216884.4974940094
19.31,217008.69144271783
19.32,217132.88966576895
19.330000000000002,217257.09216000352
19.34,217381.29892226603
19.35,217505.50994940515
19.36,217629.72523827318
19.37,217753.94478572643
19.38,217878.168588625
19.39,218002.396643833
19.400000000000002,218126.6289482182
19.41,218250.86549865222
19.42,218375.1062920108
19.43,218499.3513251731
19.44,218623.60059502252
19.45,218747.85409844588
19.46,218872.1118323342
19.47,218996.373793582
19.48,219120.63997908778
19.490000000000002,219244.91038575378
19.5,219369.18501048608
19.51,219493.4638501944
19.52,219617.74690179236
19.53,219742.03416219735
19.54,219866.32562833047
19.55,219990.62129711657
19.56,220114.92116548427
19.57,220239.225230366
19.580000000000002,220363.53348869784
19.59,220487.8459374195
19.6,220612.16257347478
19.61,220736.48339381075
19.62,220860.80839537852
19.63,220985.13757513266
19.64,221109.4709300317
19.650000000000002,221233.80845703767
19.66,221358.15015311635
19.67,221482.4960152371
19.68,221606.84604037312
19.69,221731.2002255013
19.7,221855.55856760187
19.71,221979.92106365916
19.72,222104.28771066072
19.73,222228.65850559814
19.740000000000002,222353.03344546637
19.75,222477.412527264
19.76,222601.79574799346
19.77,222726.18310466054
19.78,222850.57459427486
19.79,222974.97021384945
19.8,223099.36996040115
19.81,223223.77383095011
19.82,223348.18182252045
19.830000000000002,223472.5939321395
19.84,223597.01015683837
19.85,223721.43049365163
19.86,223845.85493961757
19.87,223970.28349177795
19.88,224094.716147178
19.89,224219.15290286657
19.900000000000002,224343.59375589615
19.91,224468.03870332253
19.92,224592.48774220524
19.93,224716.94086960726
19.94,224841.39808259506
19.95,224965.8593782386
19.96,225090.32475361144
19.97,225214.7942057905
19.98,225339.26773185638
19.990000000000002,225463.745328893
